{
  "touch_t1_long": {
    "aggregate": {
      "auc_roc": 0.9542315680166148,
      "brier": 0.08740461741371248,
      "ece": 0.06266424956337127,
      "positive_rate": 0.2838196286472148
    },
    "stability": 0.9842854712763661,
    "years": [
      2020,
      2021,
      2022,
      2023,
      2024,
      2025
    ]
  },
  "touch_t2_long": {
    "aggregate": {
      "auc_roc": 0.9711802620456467,
      "brier": 0.016435198745279826,
      "ece": 0.006620759788457384,
      "positive_rate": 0.034482758620689655
    },
    "stability": 0.9862840599102439,
    "years": [
      2020,
      2021,
      2022,
      2023,
      2024,
      2025
    ]
  },
  "touch_t3_long": {
    "aggregate": {
      "auc_roc": 0.9933288859239493,
      "brier": 0.004126953512478983,
      "ece": 0.0033672355054649226,
      "positive_rate": 0.005968169761273209
    },
    "stability": NaN,
    "years": [
      2020,
      2021,
      2022,
      2023,
      2024,
      2025
    ]
  },
  "touch_sl_long": {
    "aggregate": {
      "auc_roc": 0.9382004911810672,
      "brier": 0.0078631538677832,
      "ece": 0.004617693510694393,
      "positive_rate": 0.009946949602122016
    },
    "stability": NaN,
    "years": [
      2020,
      2021,
      2022,
      2023,
      2024,
      2025
    ]
  },
  "touch_t1_short": {
    "aggregate": {
      "auc_roc": 0.949915552629319,
      "brier": 0.09069856459489664,
      "ece": 0.04874120297077762,
      "positive_rate": 0.36007957559681697
    },
    "stability": 0.9861051331359034,
    "years": [
      2020,
      2021,
      2022,
      2023,
      2024,
      2025
    ]
  },
  "touch_t2_short": {
    "aggregate": {
      "auc_roc": 0.9565217391304348,
      "brier": 0.02123424795559975,
      "ece": 0.00997894379317142,
      "positive_rate": 0.03050397877984085
    },
    "stability": 0.974729842771729,
    "years": [
      2020,
      2021,
      2022,
      2023,
      2024,
      2025
    ]
  },
  "touch_t3_short": {
    "aggregate": {
      "auc_roc": 0.9993364299933643,
      "brier": 0.0008233115234581806,
      "ece": 0.003911792176081579,
      "positive_rate": 0.000663129973474801
    },
    "stability": NaN,
    "years": [
      2020,
      2021,
      2022,
      2023,
      2024,
      2025
    ]
  },
  "touch_sl_short": {
    "aggregate": {
      "auc_roc": 0.9731518079344166,
      "brier": 0.010808694829208411,
      "ece": 0.008034599463727761,
      "positive_rate": 0.015251989389920425
    },
    "stability": NaN,
    "years": [
      2020,
      2021,
      2022,
      2023,
      2024,
      2025
    ]
  }
}