{
  "ticker": "IWM",
  "version": "improved_v2",
  "model_type": "ensemble",
  "confidence_threshold": 0.7,
  "metrics": {
    "accuracy": 0.7066549912434326,
    "precision": 0.7199230028873917,
    "recall": 0.9444444444444444,
    "f1": 0.8170398689240852,
    "auc": 0.6829473304473304,
    "win_rate": 0.6935201401050788,
    "profit_factor": 3.566869300911854,
    "total_pnl": 844.5,
    "high_conf_trades": 745,
    "high_conf_win_rate": 0.7798657718120805,
    "high_conf_pf": 5.54601226993865
  },
  "feature_count": 38,
  "trained_at": "2025-12-08T02:37:56.073766"
}