{
  "ticker": "QQQ",
  "version": "improved_v2",
  "model_type": "ensemble",
  "confidence_threshold": 0.7,
  "metrics": {
    "accuracy": 0.7151515151515152,
    "precision": 0.735632183908046,
    "recall": 0.9094138543516874,
    "f1": 0.8133439237490071,
    "auc": 0.7049136984258266,
    "win_rate": 0.6824242424242424,
    "profit_factor": 3.3932135728542914,
    "total_pnl": 599.5,
    "high_conf_trades": 391,
    "high_conf_win_rate": 0.8132992327365729,
    "high_conf_pf": 7.164383561643835
  },
  "feature_count": 38,
  "trained_at": "2025-12-08T02:37:55.363474"
}