{
  "ticker": "SPY",
  "version": "improved_v2",
  "model_type": "ensemble",
  "confidence_threshold": 0.7,
  "metrics": {
    "accuracy": 0.7221374045801526,
    "precision": 0.7240773286467487,
    "recall": 0.9427917620137299,
    "f1": 0.8190854870775348,
    "auc": 0.7187768983687779,
    "win_rate": 0.667175572519084,
    "profit_factor": 3.0714285714285716,
    "total_pnl": 420.5,
    "high_conf_trades": 439,
    "high_conf_win_rate": 0.7790432801822323,
    "high_conf_pf": 5.255208333333333
  },
  "feature_count": 38,
  "trained_at": "2025-12-08T02:37:54.726387"
}